<?xml version="1.0" encoding="UTF-8" ?>
<!DOCTYPE mapper
  PUBLIC "-//mybatis.org//DTD Mapper 3.0//EN"
  "http://mybatis.org/dtd/mybatis-3-mapper.dtd">
<mapper namespace="bbs">
  
  <resultMap type="mybatis.vo.BbsVO" id="map1">
  	<id column="b_idx" property="b_idx"/>
  	<collection property="c_list" select="commList" column="b_idx" ofType="mybatis.vo.CommVO"/>
  </resultMap>
  
  <!-- 특정 원글의 기본키를 조건으로 하여 해당 댓글들을 조회하는 기능 -->
  <select id="commList" parameterType="String" 
  resultType="mybatis.vo.CommVO">
  	SELECT * FROM comment_t
  	WHERE b_idx = #{b_idx}
  </select>
  
  <!-- 사용자가 원글의 목록을 호출할 때 사용되는 목록 기능 -->
  <select id="list" parameterType="java.util.Map" resultMap="map1">
  	SELECT * FROM (
  		SELECT rownum r_num, a.* FROM(
  			SELECT * FROM bbs WHERE status = 0 
  			AND bname = #{bname} ORDER BY b_idx DESC
  		) a
  	) WHERE r_num BETWEEN #{begin} AND #{end}
  </select>
  
  
  <!-- 페이징 기법에 사용될 전체페이지 수를 구하기 위해 현재 전체 게시물의 수를 반환한다. -->
  <select id="totalCount" resultType="int" parameterType="String">
  	SELECT COUNT(*) FROM bbs
  	WHERE status = 0 AND bname = #{bname}
  </select>
  
  <!-- 원글 저장 -->
  <insert id="add" parameterType="java.util.Map">
  	INSERT INTO bbs(b_idx, subject, writer, content, file_name, write_date, ip, hit, status, bname)
  	VALUES(bbs_seq.NEXTVAL, #{subject}, #{writer}, 
  		#{content}, #{file_name}, sysdate, #{ip}, 0, 0, #{bname})	
  </insert>
  <insert id="add2" parameterType="mybatis.vo.BbsVO">
  	INSERT INTO bbs(b_idx, subject, writer, content, file_name, write_date, ip, hit, status, bname)
  	VALUES(bbs_seq.NEXTVAL, #{subject}, #{writer}, 
  		#{content}, #{file_name}, sysdate, #{ip}, 0, 0, #{bname})	
  </insert>
  
  <!-- 보기 기능 : resultmap으로 하지 않으면 댓글들을 같이 못받는다. -->
  <select id="getBbs" resultMap="map1" parameterType="String">
  	SELECT * FROM bbs WHERE b_idx = #{idx}
  </select>
  
  <!-- 원글 수정 -->
  <update id="edit" parameterType="mybatis.vo.BbsVO">
  	UPDATE bbs
  	SET
  		subject = #{subject},
  		content = #{content}
  		<if test="file_name != null">
  			,file_name = #{file_name}
  		</if>
  	WHERE b_idx = #{b_idx}
  </update>
  
  <!-- 원글 삭제 -->
  <update id="del" parameterType="String">
  	UPDATE bbs
  	SET status = 1
  	WHERE b_idx = #{b_idx}
  </update>
  
  <!-- 조회수 증가 -->
  <update id="update_hit" parameterType="String">
  	UPDATE bbs
  	SET hit = hit + 1
  	WHERE b_idx = #{b_idx}
  </update>
  
</mapper>












